jur,jur_desc
1,Legislatura De La Ciudad De Buenos Aires
2,Auditoria General De La Ciudad De Buenos Aires
3,Defensoria Del Pueblo
5,Ministerio Publico
6,Tribunal Superior De Justicia
7,Consejo De La Magistratura
8,Sindicatura General De La Ciudad De Buenos Aires
9,Procuracion General De La Ciudad
20,Jefatura De Gobierno
21,Jefatura De Gabinete De Ministros
24,Ministerio De Justicia
26,Ministerio De Justicia Y Seguridad
28,Ministerio De Gobierno
29,Ministerio De Seguridad
31,Ministerio De Movilidad E Infraestructura
35,Ministerio De Espacio Publico E Higiene Urbana
40,Ministerio De Salud
45,Ministerio De Desarrollo Humano Y Hábitat
50,Ministerio De Cultura
55,Ministerio De Educación
60,Ministerio De Hacienda Y Finanzas
70,Min.Desa.Econ Y Prod
75,Ministerio De Desarrollo Económico
98,Servicio De La Deuda Publica
99,Obligaciones A Cargo Del Tesoro
